District,Male,Female,Total
Dayeuhluhur,24518,24920,49438
Wanareja,53697,52986,106683
Majenang,71773,70500,142273
Cimanggu,54159,52332,106491
Karangpucung,41612,40255,81867
Cipari,34050,33057,67107
Sidareja,31844,31562,63406
Kedungreja,45509,44225,89734
Patimuan,25352,25049,50401
Gandrungmangu,57224,55010,112234
Bantarsari,38497,37287,75784
Kawunganten,44224,42642,86866
Kampung Laut,8261,7578,15839
Jeruklegi,39375,38420,77795
Kesugihan,68687,66681,135368
Adipala,48751,47460,96211
Maos,23696,23713,47409
Sampang,22213,21951,44164
Kroya,59331,57724,117055
Binangun,35213,34505,69718
Nusawungu,44278,43335,87613
Cilacap Selatan ,42396,41755,84151
Cilacap Tengah,45400,44610,90010
Cilacap Utara,41959,41336,83295

