Neighborhood,luas area(km squared),Borough,Latitude,Longitude
Dayeuhluhur,191.73,Jawa Tengah,-7.2282295,108.6056873
Wanareja,195.92,Jawa Tengah,-7.3076269,108.6769451
Majenang,167.6,Jawa Tengah,-7.2330112,108.736337
Cimanggu,163.35,Jawa Tengah,-7.3113122,108.8313832
Karangpucung,124.74,Jawa Tengah,-7.3798207,108.9145675
Cipari,107.53,Jawa Tengah,-7.4066528,108.7719766
Sidareja,49.31,Jawa Tengah,-7.4846821,108.7833982
Kedungreja,82.01,Jawa Tengah,-7.5099052,108.7719766
Patimuan,78.68,Jawa Tengah,-7.6024418,108.7838572
Gandrungmangu,119.26,Jawa Tengah,-7.5067598,108.8432656
Bantarsari,99.49,Jawa Tengah,-7.5242554,108.9145675
Kawunganten,138.09,Jawa Tengah,-7.5960586,108.9264524
Kampung Laut,134.07,Jawa Tengah,-7.6711603,108.8670315
Jeruklegi,99.41,Jawa Tengah,-7.5917759,109.0215438
Kesugihan,89.1,Jawa Tengah,-7.6200841,109.0809868
Adipala,74.65,Jawa Tengah,-7.667959,109.1642208
Maos,34.3,Jawa Tengah,-7.6010706,109.158275
Sampang,28.89,Jawa Tengah,-7.5782556,109.2058436
Kroya,61.68,Jawa Tengah,-7.6331351,109.2474701
Binangun,53.73,Jawa Tengah,-7.6733583,109.2712585
Nusawungu,66.98,Jawa Tengah,-7.6689448,109.3664237
Cilacap Selatan,8.04,Jawa Tengah,-7.7496869,108.9621091
Cilacap Tengah,51.0,Jawa Tengah,-7.6864672,108.985882
Cilacap Utara,29.72,Jawa Tengah,-7.6690487,109.0274877
